Make,Model,Vendor Code,Vendor Name,MPN,AD Item Number,Vendor Notes,REF#,OEM#,Year
ARCTIC CAT,300 2X4 ,NACH,NACHMAN INTERNATIONAL CO. LTD,AT-04521,128262,"REF# : 50-1152,50-1152; FRONT A-ARM REPAIR KITS: UPPER & LOWER",,,2014-16
ARCTIC CAT,300 DVX ,NACH,NACHMAN INTERNATIONAL CO. LTD,AT-04521,128262,"REF# : 50-1152,50-1152; FRONT A-ARM REPAIR KITS: UPPER & LOWER",,,2014-15
ARCTIC CAT,ALTERRA 300,NACH,NACHMAN INTERNATIONAL CO. LTD,AT-04521,128262,"REF# : 50-1152,50-1152; FRONT A-ARM REPAIR KITS: UPPER & LOWER",,,2017-23
UTV,PROWLER 500 HDX ,NACH,NACHMAN INTERNATIONAL CO. LTD,AT-04502,129340,"REF# : 50-1128,50-1128; FRONT A-ARM REPAIR KITS: UPPER & LOWER",,,2014-15
UTV,PROWLER 500 HDX XT ,NACH,NACHMAN INTERNATIONAL CO. LTD,AT-04502,129340,"REF# : 50-1128,50-1128; FRONT A-ARM REPAIR KITS: UPPER & LOWER",,,2017
UTV,PROWLER 550 ,NACH,NACHMAN INTERNATIONAL CO. LTD,AT-04502,129340,"REF# : 50-1128,50-1128; FRONT A-ARM REPAIR KITS: UPPER & LOWER",,,2015
UTV,PROWLER 700 CREW HDX XT ,NACH,NACHMAN INTERNATIONAL CO. LTD,AT-04502,129340,"REF# : 50-1128,50-1128; FRONT A-ARM REPAIR KITS: UPPER & LOWER",,,2017
ARCTIC CAT,PROWLER 700 HDX XT ,NACH,NACHMAN INTERNATIONAL CO. LTD,AT-04502,129340,"REF# : 50-1128,50-1128; FRONT A-ARM REPAIR KITS: UPPER & LOWER",,,2015-17
ARCTIC CAT,PROWLER 700 XT,NACH,NACHMAN INTERNATIONAL CO. LTD,AT-04502,129340,"REF# : 50-1128,50-1128; FRONT A-ARM REPAIR KITS: UPPER & LOWER",,,2015-17
ARCTIC CAT,PROWLER 1000 XT ,NACH,NACHMAN INTERNATIONAL CO. LTD,AT-04502,129340,"REF# : 50-1128,50-1128; FRONT A-ARM REPAIR KITS: UPPER & LOWER",,,2015-17
ARCTIC CAT,PROWLER 1000 XTZ ,NACH,NACHMAN INTERNATIONAL CO. LTD,AT-04502,129340,"REF# : 50-1128,50-1128; FRONT A-ARM REPAIR KITS: UPPER & LOWER",,,2011-14
ARCTIC CAT,PROWLER 1000 XTZ H2,NACH,NACHMAN INTERNATIONAL CO. LTD,AT-04502,129340,"REF# : 50-1128,50-1128; FRONT A-ARM REPAIR KITS: UPPER & LOWER",,,2009-11
ARCTIC CAT,WILDCAT 1000,NACH,NACHMAN INTERNATIONAL CO. LTD,AT-04512,127398,"REF# : 50-1139,50-1139; FRONT A-ARM REPAIR KITS: UPPER & LOWER",,,2014-15
ARCTIC CAT,WILDCAT 4 ,NACH,NACHMAN INTERNATIONAL CO. LTD,AT-04512,127398,"REF# : 50-1139,50-1139; FRONT A-ARM REPAIR KITS: UPPER & LOWER",,,2014
ARCTIC CAT,WILDCAT 4 LTD ,NACH,NACHMAN INTERNATIONAL CO. LTD,AT-04512,127398,"REF# : 50-1139,50-1139; FRONT A-ARM REPAIR KITS: UPPER & LOWER",,,2014
ARCTIC CAT,WILDCAT 4X ,NACH,NACHMAN INTERNATIONAL CO. LTD,AT-04512,127398,"REF# : 50-1139,50-1139; FRONT A-ARM REPAIR KITS: UPPER & LOWER",,,2014-15
ARCTIC CAT,WILDCAT LTD ,NACH,NACHMAN INTERNATIONAL CO. LTD,AT-04512,127398,"REF# : 50-1139,50-1139; FRONT A-ARM REPAIR KITS: UPPER & LOWER",,,2014
ARCTIC CAT,WILDCAT X / LTD,NACH,NACHMAN INTERNATIONAL CO. LTD,AT-04512,127398,"REF# : 50-1139,50-1139; FRONT A-ARM REPAIR KITS: UPPER & LOWER",,,2014-16
ARCTIC CAT,WILDCAT X EPS,NACH,NACHMAN INTERNATIONAL CO. LTD,AT-04512,127398,"REF# : 50-1139,50-1139; FRONT A-ARM REPAIR KITS: UPPER & LOWER",,,2014-16
CAN-AM,DS 450 STD/X ,NACH,NACHMAN INTERNATIONAL CO. LTD,AT-04348-2,127391,"REF# : 50-1126, 50-114350-1126, 50-1143; FRONT A-ARM REPAIR KITS: UPPER & LOWER",,,2008-09
CAN-AM,DS 450 ,NACH,NACHMAN INTERNATIONAL CO. LTD,AT-04348-2,127391,"REF# : 50-1126, 50-114350-1126, 50-1143; FRONT A-ARM REPAIR KITS: UPPER & LOWER",,,2010-15
CAN-AM,OUTLANDER 450 DPS EFI,NACH,NACHMAN INTERNATIONAL CO. LTD,AT-04348-2,127391,"REF# : 50-1126, 50-114350-1126, 50-1143; FRONT A-ARM REPAIR KITS: UPPER & LOWER",,,2016-18
CAN-AM,OUTLANDER L 450 EFI,NACH,NACHMAN INTERNATIONAL CO. LTD,AT-04348-2,127391,"REF# : 50-1126, 50-114350-1126, 50-1143; FRONT A-ARM REPAIR KITS: UPPER & LOWER",,,2015-16
CAN-AM,OUTLANDER L MAX 450 EFI ,NACH,NACHMAN INTERNATIONAL CO. LTD,AT-04348-2,127391,"REF# : 50-1126, 50-114350-1126, 50-1143; FRONT A-ARM REPAIR KITS: UPPER & LOWER",,,2015-16
CAN-AM,OUTLANDER MAX 450 DPS EFI,NACH,NACHMAN INTERNATIONAL CO. LTD,AT-04348-2,127391,"REF# : 50-1126, 50-114350-1126, 50-1143; FRONT A-ARM REPAIR KITS: UPPER & LOWER",,,2016-21
CAN-AM,OUTLANDER 500 STD 4X4 ,NACH,NACHMAN INTERNATIONAL CO. LTD,AT-04348-2,127391,"REF# : 50-1126, 50-114350-1126, 50-1143; FRONT A-ARM REPAIR KITS: UPPER & LOWER",,,2013-15
CAN-AM,OUTLANDER 500 XT 4X4 ,NACH,NACHMAN INTERNATIONAL CO. LTD,AT-04348-2,127391,"REF# : 50-1126, 50-114350-1126, 50-1143; FRONT A-ARM REPAIR KITS: UPPER & LOWER",,,2013-14
CAN-AM,OUTLANDER L 500 EFI,NACH,NACHMAN INTERNATIONAL CO. LTD,AT-04348-2,127391,"REF# : 50-1126, 50-114350-1126, 50-1143; FRONT A-ARM REPAIR KITS: UPPER & LOWER",,,2015
CAN-AM,OUTLANDER L MAX 500 EFI ,NACH,NACHMAN INTERNATIONAL CO. LTD,AT-04348-2,127391,"REF# : 50-1126, 50-114350-1126, 50-1143; FRONT A-ARM REPAIR KITS: UPPER & LOWER",,,2015
CAN-AM,OUTLANDER MAX 500 EFI,NACH,NACHMAN INTERNATIONAL CO. LTD,AT-04348-2,127391,"REF# : 50-1126, 50-114350-1126, 50-1143; FRONT A-ARM REPAIR KITS: UPPER & LOWER",,,2015
CAN-AM,OUTLANDER MAX 500 STD 4X4 ,NACH,NACHMAN INTERNATIONAL CO. LTD,AT-04348-2,127391,"REF# : 50-1126, 50-114350-1126, 50-1143; FRONT A-ARM REPAIR KITS: UPPER & LOWER",,,2013-14
CAN-AM,OUTLANDER MAX 500 XT 4X4 ,NACH,NACHMAN INTERNATIONAL CO. LTD,AT-04348-2,127391,"REF# : 50-1126, 50-114350-1126, 50-1143; FRONT A-ARM REPAIR KITS: UPPER & LOWER",,,2013-14
CAN-AM,QUEST 500,NACH,NACHMAN INTERNATIONAL CO. LTD,AT-04348-2,127391,"REF# : 50-1126, 50-114350-1126, 50-1143; FRONT A-ARM REPAIR KITS: UPPER & LOWER",,,2002-04
CAN-AM,QUEST 500 XT ,NACH,NACHMAN INTERNATIONAL CO. LTD,AT-04348-2,127391,"REF# : 50-1126, 50-114350-1126, 50-1143; FRONT A-ARM REPAIR KITS: UPPER & LOWER",,,2002-04
CAN-AM,RENEGADE 500 ,NACH,NACHMAN INTERNATIONAL CO. LTD,AT-04348-2,127391,"REF# : 50-1126, 50-114350-1126, 50-1143; FRONT A-ARM REPAIR KITS: UPPER & LOWER",,,2008-15
CAN-AM,RENEGADE 500 XT,NACH,NACHMAN INTERNATIONAL CO. LTD,AT-04348-2,127391,"REF# : 50-1126, 50-114350-1126, 50-1143; FRONT A-ARM REPAIR KITS: UPPER & LOWER",,,2012
CAN-AM,TRAXTER 500 ,NACH,NACHMAN INTERNATIONAL CO. LTD,AT-04348-2,127391,"REF# : 50-1126, 50-114350-1126, 50-1143; FRONT A-ARM REPAIR KITS: UPPER & LOWER",,,2001-05
CAN-AM,TRAXTER 500 AUTO CVT,NACH,NACHMAN INTERNATIONAL CO. LTD,AT-04348-2,127391,"REF# : 50-1126, 50-114350-1126, 50-1143; FRONT A-ARM REPAIR KITS: UPPER & LOWER",,,2005
CAN-AM,OUTLANDER 570 DPS,NACH,NACHMAN INTERNATIONAL CO. LTD,AT-04348-2,127391,"REF# : 50-1126, 50-114350-1126, 50-1143; FRONT A-ARM REPAIR KITS: UPPER & LOWER",,,2016-23
CAN-AM,OUTLANDER MAX 570,NACH,NACHMAN INTERNATIONAL CO. LTD,AT-04348-2,127391,"REF# : 50-1126, 50-114350-1126, 50-1143; FRONT A-ARM REPAIR KITS: UPPER & LOWER",,,2016-23
CAN-AM,OUTLANDER L 570 EFI ,NACH,NACHMAN INTERNATIONAL CO. LTD,AT-04348-2,127391,"REF# : 50-1126, 50-114350-1126, 50-1143; FRONT A-ARM REPAIR KITS: UPPER & LOWER",,,2016
CAN-AM,OUTLANDER LE 570 EFI,NACH,NACHMAN INTERNATIONAL CO. LTD,AT-04348-2,127391,"REF# : 50-1126, 50-114350-1126, 50-1143; FRONT A-ARM REPAIR KITS: UPPER & LOWER",,,2016
CAN-AM,OUTLANDER XMR 570 EFI,NACH,NACHMAN INTERNATIONAL CO. LTD,AT-04348-2,127391,"REF# : 50-1126, 50-114350-1126, 50-1143; FRONT A-ARM REPAIR KITS: UPPER & LOWER",,,2016-21
CAN-AM,RENEGADE 570 EFI,NACH,NACHMAN INTERNATIONAL CO. LTD,AT-04348-2,127391,"REF# : 50-1126, 50-114350-1126, 50-1143; FRONT A-ARM REPAIR KITS: UPPER & LOWER",,,2016-22
CAN-AM,OUTLANDER 650 6X6,NACH,NACHMAN INTERNATIONAL CO. LTD,AT-04348-2,127391,"REF# : 50-1126, 50-114350-1126, 50-1143; FRONT A-ARM REPAIR KITS: UPPER & LOWER",,,2015
CAN-AM,OUTLANDER 650 DPS EFI,NACH,NACHMAN INTERNATIONAL CO. LTD,AT-04348-2,127391,"REF# : 50-1126, 50-114350-1126, 50-1143; FRONT A-ARM REPAIR KITS: UPPER & LOWER",,,2017-18
CAN-AM,OUTLANDER 650 STD 4X4 ,NACH,NACHMAN INTERNATIONAL CO. LTD,AT-04348-2,127391,"REF# : 50-1126, 50-114350-1126, 50-1143; FRONT A-ARM REPAIR KITS: UPPER & LOWER",,,2006-15
CAN-AM,OUTLANDER 650 XMR ,NACH,NACHMAN INTERNATIONAL CO. LTD,AT-04348-2,127391,"REF# : 50-1126, 50-114350-1126, 50-1143; FRONT A-ARM REPAIR KITS: UPPER & LOWER",,,2013-15
CAN-AM,OUTLANDER 650 XT 4X4 ,NACH,NACHMAN INTERNATIONAL CO. LTD,AT-04348-2,127391,"REF# : 50-1126, 50-114350-1126, 50-1143; FRONT A-ARM REPAIR KITS: UPPER & LOWER",,,2006-14
CAN-AM,OUTLANDER MAX 650 STD 4X4,NACH,NACHMAN INTERNATIONAL CO. LTD,AT-04348-2,127391,"REF# : 50-1126, 50-114350-1126, 50-1143; FRONT A-ARM REPAIR KITS: UPPER & LOWER",,,2006-15
CAN-AM,OUTLANDER MAX 650 XT 4X4 ,NACH,NACHMAN INTERNATIONAL CO. LTD,AT-04348-2,127391,"REF# : 50-1126, 50-114350-1126, 50-1143; FRONT A-ARM REPAIR KITS: UPPER & LOWER",,,2006-14
CAN-AM,QUEST 650 STD / XT ,NACH,NACHMAN INTERNATIONAL CO. LTD,AT-04348-2,127391,"REF# : 50-1126, 50-114350-1126, 50-1143; FRONT A-ARM REPAIR KITS: UPPER & LOWER",,,2002-04
CAN-AM,TRAXTER 650 ,NACH,NACHMAN INTERNATIONAL CO. LTD,AT-04348-2,127391,"REF# : 50-1126, 50-114350-1126, 50-1143; FRONT A-ARM REPAIR KITS: UPPER & LOWER",,,2004-05
CAN-AM,TRAXTER 650 AUTO CVT ,NACH,NACHMAN INTERNATIONAL CO. LTD,AT-04348-2,127391,"REF# : 50-1126, 50-114350-1126, 50-1143; FRONT A-ARM REPAIR KITS: UPPER & LOWER",,,2005
CAN-AM,OUTLANDER 800 STD 4X4 ,NACH,NACHMAN INTERNATIONAL CO. LTD,AT-04348-2,127391,"REF# : 50-1126, 50-114350-1126, 50-1143; FRONT A-ARM REPAIR KITS: UPPER & LOWER",,,2006-08
CAN-AM,OUTLANDER 800 XMR ,NACH,NACHMAN INTERNATIONAL CO. LTD,AT-04348-2,127391,"REF# : 50-1126, 50-114350-1126, 50-1143; FRONT A-ARM REPAIR KITS: UPPER & LOWER",,,2011-12
CAN-AM,OUTLANDER 800 XT 4X4 ,NACH,NACHMAN INTERNATIONAL CO. LTD,AT-04348-2,127391,"REF# : 50-1126, 50-114350-1126, 50-1143; FRONT A-ARM REPAIR KITS: UPPER & LOWER",,,2006-08
CAN-AM,OUTLANDER 800 XXC ,NACH,NACHMAN INTERNATIONAL CO. LTD,AT-04348-2,127391,"REF# : 50-1126, 50-114350-1126, 50-1143; FRONT A-ARM REPAIR KITS: UPPER & LOWER",,,2011
CAN-AM,OUTLANDER 800R EFI XMR,NACH,NACHMAN INTERNATIONAL CO. LTD,AT-04348-2,127391,"REF# : 50-1126, 50-114350-1126, 50-1143; FRONT A-ARM REPAIR KITS: UPPER & LOWER",,,2015
CAN-AM,OUTLANDER 800R STD 4X4 ,NACH,NACHMAN INTERNATIONAL CO. LTD,AT-04348-2,127391,"REF# : 50-1126, 50-114350-1126, 50-1143; FRONT A-ARM REPAIR KITS: UPPER & LOWER",,,2009-15
CAN-AM,OUTLANDER 800R XT 4X4 ,NACH,NACHMAN INTERNATIONAL CO. LTD,AT-04348-2,127391,"REF# : 50-1126, 50-114350-1126, 50-1143; FRONT A-ARM REPAIR KITS: UPPER & LOWER",,,2009-14
CAN-AM,OUTLANDER MAX 800 LTD 4X4 ,NACH,NACHMAN INTERNATIONAL CO. LTD,AT-04348-2,127391,"REF# : 50-1126, 50-114350-1126, 50-1143; FRONT A-ARM REPAIR KITS: UPPER & LOWER",,,2007-08
CAN-AM,OUTLANDER MAX 800 STD 4X4 ,NACH,NACHMAN INTERNATIONAL CO. LTD,AT-04348-2,127391,"REF# : 50-1126, 50-114350-1126, 50-1143; FRONT A-ARM REPAIR KITS: UPPER & LOWER",,,2006-08
CAN-AM,OUTLANDER MAX 800 XT 4X4 ,NACH,NACHMAN INTERNATIONAL CO. LTD,AT-04348-2,127391,"REF# : 50-1126, 50-114350-1126, 50-1143; FRONT A-ARM REPAIR KITS: UPPER & LOWER",,,2006-08
CAN-AM,OUTLANDER MAX 800R EFI,NACH,NACHMAN INTERNATIONAL CO. LTD,AT-04348-2,127391,"REF# : 50-1126, 50-114350-1126, 50-1143; FRONT A-ARM REPAIR KITS: UPPER & LOWER",,,2015
CAN-AM,OUTLANDER MAX 800R LTD 4X4 ,NACH,NACHMAN INTERNATIONAL CO. LTD,AT-04348-2,127391,"REF# : 50-1126, 50-114350-1126, 50-1143; FRONT A-ARM REPAIR KITS: UPPER & LOWER",,,2009-12
CAN-AM,OUTLANDER MAX 800R STD 4X4 ,NACH,NACHMAN INTERNATIONAL CO. LTD,AT-04348-2,127391,"REF# : 50-1126, 50-114350-1126, 50-1143; FRONT A-ARM REPAIR KITS: UPPER & LOWER",,,2009-14
CAN-AM,OUTLANDER MAX 800R XT 4X4 ,NACH,NACHMAN INTERNATIONAL CO. LTD,AT-04348-2,127391,"REF# : 50-1126, 50-114350-1126, 50-1143; FRONT A-ARM REPAIR KITS: UPPER & LOWER",,,2009-14
CAN-AM,RENEGADE 800 ,NACH,NACHMAN INTERNATIONAL CO. LTD,AT-04348-2,127391,"REF# : 50-1126, 50-114350-1126, 50-1143; FRONT A-ARM REPAIR KITS: UPPER & LOWER",,,2007-15
CAN-AM,RENEGADE 800 X ,NACH,NACHMAN INTERNATIONAL CO. LTD,AT-04348-2,127391,"REF# : 50-1126, 50-114350-1126, 50-1143; FRONT A-ARM REPAIR KITS: UPPER & LOWER",,,2008-09
CAN-AM,RENEGADE 800 XXC ,NACH,NACHMAN INTERNATIONAL CO. LTD,AT-04348-2,127391,"REF# : 50-1126, 50-114350-1126, 50-1143; FRONT A-ARM REPAIR KITS: UPPER & LOWER",,,2010-14
CAN-AM,OUTLANDER 850 DPS EFI,NACH,NACHMAN INTERNATIONAL CO. LTD,AT-04348-2,127391,"REF# : 50-1126, 50-114350-1126, 50-1143; FRONT A-ARM REPAIR KITS: UPPER & LOWER",,,2017-23
CAN-AM,OUTLANDER MAX 850 DPS EFI,NACH,NACHMAN INTERNATIONAL CO. LTD,AT-04348-2,127391,"REF# : 50-1126, 50-114350-1126, 50-1143; FRONT A-ARM REPAIR KITS: UPPER & LOWER",,,2017-23
CAN-AM,RENEGADE 850,NACH,NACHMAN INTERNATIONAL CO. LTD,AT-04348-2,127391,"REF# : 50-1126, 50-114350-1126, 50-1143; FRONT A-ARM REPAIR KITS: UPPER & LOWER",,,2016-22
CAN-AM,RENEGADE 850 XXC,NACH,NACHMAN INTERNATIONAL CO. LTD,AT-04348-2,127391,"REF# : 50-1126, 50-114350-1126, 50-1143; FRONT A-ARM REPAIR KITS: UPPER & LOWER",,,2016-22
CAN-AM,OUTLANDER 1000 DPS EFI,NACH,NACHMAN INTERNATIONAL CO. LTD,AT-04348-2,127391,"REF# : 50-1126, 50-114350-1126, 50-1143; FRONT A-ARM REPAIR KITS: UPPER & LOWER",,,2017-18
CAN-AM,OUTLANDER 1000 EFI/6X6/XMR ,NACH,NACHMAN INTERNATIONAL CO. LTD,AT-04348-2,127391,"REF# : 50-1126, 50-114350-1126, 50-1143; FRONT A-ARM REPAIR KITS: UPPER & LOWER",,,2012-23
CAN-AM,OUTLANDER 1000 STD 4X4 ,NACH,NACHMAN INTERNATIONAL CO. LTD,AT-04348-2,127391,"REF# : 50-1126, 50-114350-1126, 50-1143; FRONT A-ARM REPAIR KITS: UPPER & LOWER",,,2012-14
CAN-AM,OUTLANDER 1000 XMR ,NACH,NACHMAN INTERNATIONAL CO. LTD,AT-04348-2,127391,"REF# : 50-1126, 50-114350-1126, 50-1143; FRONT A-ARM REPAIR KITS: UPPER & LOWER",,,2013-14
CAN-AM,OUTLANDER 1000 XT 4X4 ,NACH,NACHMAN INTERNATIONAL CO. LTD,AT-04348-2,127391,"REF# : 50-1126, 50-114350-1126, 50-1143; FRONT A-ARM REPAIR KITS: UPPER & LOWER",,,2012-14
CAN-AM,OUTLANDER MAX 1000 STD 4X4 ,NACH,NACHMAN INTERNATIONAL CO. LTD,AT-04348-2,127391,"REF# : 50-1126, 50-114350-1126, 50-1143; FRONT A-ARM REPAIR KITS: UPPER & LOWER",,,2013-20
CAN-AM,OUTLANDER MAX 1000 XT/ XTP 4X4 ,NACH,NACHMAN INTERNATIONAL CO. LTD,AT-04348-2,127391,"REF# : 50-1126, 50-114350-1126, 50-1143; FRONT A-ARM REPAIR KITS: UPPER & LOWER",,,2013-23
CAN-AM,RENEGADE 1000 ,NACH,NACHMAN INTERNATIONAL CO. LTD,AT-04348-2,127391,"REF# : 50-1126, 50-114350-1126, 50-1143; FRONT A-ARM REPAIR KITS: UPPER & LOWER",,,2012-19
CAN-AM,RENEGADE 1000 XXC,NACH,NACHMAN INTERNATIONAL CO. LTD,AT-04348-2,127391,"REF# : 50-1126, 50-114350-1126, 50-1143; FRONT A-ARM REPAIR KITS: UPPER & LOWER",,,2012-23
UTV,DEFENDER 500 / DPS,NACH,NACHMAN INTERNATIONAL CO. LTD,AT-04348-2,127391,"REF# : 50-1126, 50-114350-1126, 50-1143; FRONT A-ARM REPAIR KITS: UPPER & LOWER",,,2017-21
UTV,DEFENDER 1000 ,NACH,NACHMAN INTERNATIONAL CO. LTD,AT-04348-2,127391,"REF# : 50-1126, 50-114350-1126, 50-1143; FRONT A-ARM REPAIR KITS: UPPER & LOWER",,,2016-21
UTV,DEFENDER 1000 XMR,NACH,NACHMAN INTERNATIONAL CO. LTD,AT-04348-2,127391,"REF# : 50-1126, 50-114350-1126, 50-1143; FRONT A-ARM REPAIR KITS: UPPER & LOWER",,,2018-22
UTV,DEFENDER 1000 XT/DPS,NACH,NACHMAN INTERNATIONAL CO. LTD,AT-04348-2,127391,"REF# : 50-1126, 50-114350-1126, 50-1143; FRONT A-ARM REPAIR KITS: UPPER & LOWER",,,2016-22
UTV,DEFENDER 6X6 HD10 ,NACH,NACHMAN INTERNATIONAL CO. LTD,AT-04348-2,127391,"REF# : 50-1126, 50-114350-1126, 50-1143; FRONT A-ARM REPAIR KITS: UPPER & LOWER",,,2020-23
UTV,DEFENDER 800 ,NACH,NACHMAN INTERNATIONAL CO. LTD,AT-04348-2,127391,"REF# : 50-1126, 50-114350-1126, 50-1143; FRONT A-ARM REPAIR KITS: UPPER & LOWER",,,2016-21
UTV,DEFENDER 800 XT/DPS ,NACH,NACHMAN INTERNATIONAL CO. LTD,AT-04348-2,127391,"REF# : 50-1126, 50-114350-1126, 50-1143; FRONT A-ARM REPAIR KITS: UPPER & LOWER",,,2016-21
UTV,DEFENDER HD10,NACH,NACHMAN INTERNATIONAL CO. LTD,AT-04348-2,127391,"REF# : 50-1126, 50-114350-1126, 50-1143; FRONT A-ARM REPAIR KITS: UPPER & LOWER",,,2020-23
UTV,DEFENDER HD7,NACH,NACHMAN INTERNATIONAL CO. LTD,AT-04348-2,127391,"REF# : 50-1126, 50-114350-1126, 50-1143; FRONT A-ARM REPAIR KITS: UPPER & LOWER",,,2022-23
UTV,DEFENDER HD9 ,NACH,NACHMAN INTERNATIONAL CO. LTD,AT-04348-2,127391,"REF# : 50-1126, 50-114350-1126, 50-1143; FRONT A-ARM REPAIR KITS: UPPER & LOWER",,,2022-23
UTV,DEFENDER MAX 1000 XT/DPS,NACH,NACHMAN INTERNATIONAL CO. LTD,AT-04348-2,127391,"REF# : 50-1126, 50-114350-1126, 50-1143; FRONT A-ARM REPAIR KITS: UPPER & LOWER",,,2017-22
UTV,DEFENDER MAX HD10,NACH,NACHMAN INTERNATIONAL CO. LTD,AT-04348-2,127391,"REF# : 50-1126, 50-114350-1126, 50-1143; FRONT A-ARM REPAIR KITS: UPPER & LOWER",,,2019-23
UTV,DEFENDER MAX HD7,NACH,NACHMAN INTERNATIONAL CO. LTD,AT-04348-2,127391,"REF# : 50-1126, 50-114350-1126, 50-1143; FRONT A-ARM REPAIR KITS: UPPER & LOWER",,,2022-23
UTV,DEFENDER MAX HD9,NACH,NACHMAN INTERNATIONAL CO. LTD,AT-04348-2,127391,"REF# : 50-1126, 50-114350-1126, 50-1143; FRONT A-ARM REPAIR KITS: UPPER & LOWER",,,2022-23
UTV,DEFENDER PRO HD10,NACH,NACHMAN INTERNATIONAL CO. LTD,AT-04348-2,127391,"REF# : 50-1126, 50-114350-1126, 50-1143; FRONT A-ARM REPAIR KITS: UPPER & LOWER",,,2002-23
UTV,MAVERICK 1000 STD,NACH,NACHMAN INTERNATIONAL CO. LTD,AT-04165,129342,"REF# : 50-1133,50-1133; FRONT A-ARM REPAIR KITS: UPPER & LOWER",,,2013-18
UTV,MAVERICK 1000 TURBO,NACH,NACHMAN INTERNATIONAL CO. LTD,AT-04165,129342,"REF# : 50-1133,50-1133; FRONT A-ARM REPAIR KITS: UPPER & LOWER",,,2016-17
UTV,MAVERICK 1000 TURBO XDS,NACH,NACHMAN INTERNATIONAL CO. LTD,AT-04165,129342,"REF# : 50-1133,50-1133; FRONT A-ARM REPAIR KITS: UPPER & LOWER",,,2015-17
UTV,MAVERICK 1000 TURBO XRS,NACH,NACHMAN INTERNATIONAL CO. LTD,AT-04165,129342,"REF# : 50-1133,50-1133; FRONT A-ARM REPAIR KITS: UPPER & LOWER",,,2016
UTV,MAVERICK 1000 XC,NACH,NACHMAN INTERNATIONAL CO. LTD,AT-04165,129342,"REF# : 50-1133,50-1133; FRONT A-ARM REPAIR KITS: UPPER & LOWER",,,2016-17
UTV,MAVERICK 1000 XDS,NACH,NACHMAN INTERNATIONAL CO. LTD,AT-04165,129342,"REF# : 50-1133,50-1133; FRONT A-ARM REPAIR KITS: UPPER & LOWER",,,2015-16
UTV,MAVERICK 1000 XMR,NACH,NACHMAN INTERNATIONAL CO. LTD,AT-04165,129342,"REF# : 50-1133,50-1133; FRONT A-ARM REPAIR KITS: UPPER & LOWER",,,2014-18
UTV,MAVERICK 1000 XRS,NACH,NACHMAN INTERNATIONAL CO. LTD,AT-04165,129342,"REF# : 50-1133,50-1133; FRONT A-ARM REPAIR KITS: UPPER & LOWER",,,2013-15
UTV,MAVERICK 1000 XXC,NACH,NACHMAN INTERNATIONAL CO. LTD,AT-04165,129342,"REF# : 50-1133,50-1133; FRONT A-ARM REPAIR KITS: UPPER & LOWER",,,2014-17
UTV,MAVERICK MAX 1000 STD,NACH,NACHMAN INTERNATIONAL CO. LTD,AT-04165,129342,"REF# : 50-1133,50-1133; FRONT A-ARM REPAIR KITS: UPPER & LOWER",,,2014-18
UTV,MAVERICK TRAIL 800R ALL,NACH,NACHMAN INTERNATIONAL CO. LTD,AT-04501,990392,"REF# : 50-1175,50-1175; FRONT A-ARM REPAIR KITS: UPPER & LOWER",,,2018-21
UTV,MAVERICK MAX 1000 TURBO,NACH,NACHMAN INTERNATIONAL CO. LTD,AT-04165,129342,"REF# : 50-1133,50-1133; FRONT A-ARM REPAIR KITS: UPPER & LOWER",,,2016-17
UTV,MAVERICK MAX 1000 TURBO XDS,NACH,NACHMAN INTERNATIONAL CO. LTD,AT-04165,129342,"REF# : 50-1133,50-1133; FRONT A-ARM REPAIR KITS: UPPER & LOWER",,,2015-17
UTV,MAVERICK MAX 1000 TURBO XRS,NACH,NACHMAN INTERNATIONAL CO. LTD,AT-04165,129342,"REF# : 50-1133,50-1133; FRONT A-ARM REPAIR KITS: UPPER & LOWER",,,2016-17
UTV,MAVERICK MAX 1000 XC/XXC,NACH,NACHMAN INTERNATIONAL CO. LTD,AT-04165,129342,"REF# : 50-1133,50-1133; FRONT A-ARM REPAIR KITS: UPPER & LOWER",,,2016
UTV,MAVERICK MAX 1000 XDS,NACH,NACHMAN INTERNATIONAL CO. LTD,AT-04165,129342,"REF# : 50-1133,50-1133; FRONT A-ARM REPAIR KITS: UPPER & LOWER",,,2014-16
UTV,MAVERICK MAX 1000 XMR,NACH,NACHMAN INTERNATIONAL CO. LTD,AT-04165,129342,"REF# : 50-1133,50-1133; FRONT A-ARM REPAIR KITS: UPPER & LOWER",,,2017-18
UTV,MAVERICK MAX 1000 XRS,NACH,NACHMAN INTERNATIONAL CO. LTD,AT-04165,129342,"REF# : 50-1133,50-1133; FRONT A-ARM REPAIR KITS: UPPER & LOWER",,,2014-15
UTV,MAVERICK SPORT 1000,NACH,NACHMAN INTERNATIONAL CO. LTD,AT-04501,990392,"REF# : 50-1175,50-1175; FRONT A-ARM REPAIR KITS: UPPER & LOWER",,,2019-21
UTV,MAVERICK SPORT MAX 1000R DPS,NACH,NACHMAN INTERNATIONAL CO. LTD,AT-04501,990392,"REF# : 50-1175,50-1175; FRONT A-ARM REPAIR KITS: UPPER & LOWER",,,2019-23
UTV,MAVERICK TRAIL 1000 ALL,NACH,NACHMAN INTERNATIONAL CO. LTD,AT-04501,990392,"REF# : 50-1175,50-1175; FRONT A-ARM REPAIR KITS: UPPER & LOWER",,,2018-23
UTV,MAVERICK X3 MAX TURBO,NACH,NACHMAN INTERNATIONAL CO. LTD,AT-04501,990392,"REF# : 50-1175,50-1175; FRONT A-ARM REPAIR KITS: UPPER & LOWER",,,2017-22
UTV,MAVERICK X3 TURBO,NACH,NACHMAN INTERNATIONAL CO. LTD,AT-04501,990392,"REF# : 50-1175,50-1175; FRONT A-ARM REPAIR KITS: UPPER & LOWER",,,2017-22
UTV,MAVERICK X3 MAX TURBO RR,NACH,NACHMAN INTERNATIONAL CO. LTD,AT-04501,990392,"REF# : 50-1175,50-1175; FRONT A-ARM REPAIR KITS: UPPER & LOWER",,,2020-22
HONDA,TRX250R,NACH,NACHMAN INTERNATIONAL CO. LTD,AT-04122,127373,"REF# : 50-1020,50-1020; FRONT A-ARM REPAIR KITS: UPPER & LOWER",,,1987-92
HONDA,TRX300EX,NACH,NACHMAN INTERNATIONAL CO. LTD,AT-04122,127373,"REF# : 50-1020,50-1020; FRONT A-ARM REPAIR KITS: UPPER & LOWER",,,1993-08
HONDA,TRX400EX,NACH,NACHMAN INTERNATIONAL CO. LTD,AT-04122,127373,"REF# : 50-1020,50-1020; FRONT A-ARM REPAIR KITS: UPPER & LOWER",,,1999-07
HONDA,TRX450ER,NACH,NACHMAN INTERNATIONAL CO. LTD,AT-04122,127373,"REF# : 50-1020,50-1020; FRONT A-ARM REPAIR KITS: UPPER & LOWER",,,2006-08
HONDA,TRX650 RINCON,NACH,NACHMAN INTERNATIONAL CO. LTD,AT-04134,127384,"REF# : 50-1033,50-1038; FRONT A-ARM REPAIR KITS: UPPER & LOWER",,,2003-05
HONDA,TRX680 RINCON,NACH,NACHMAN INTERNATIONAL CO. LTD,AT-04134,127384,"REF# : 50-1033,50-1038; FRONT A-ARM REPAIR KITS: UPPER & LOWER",,,2006-22
HONDA,TRX700XX,NACH,NACHMAN INTERNATIONAL CO. LTD,AT-04122,127373,"REF# : 50-1020,50-1020; FRONT A-ARM REPAIR KITS: UPPER & LOWER",,,2008-09
JOHN DEERE,TRAIL BUCK 650 ,NACH,NACHMAN INTERNATIONAL CO. LTD,AT-04348-2,127391,"REF# : 50-1126, 50-114350-1126, 50-1143; FRONT A-ARM REPAIR KITS: UPPER & LOWER",,,
JOHN DEERE,TRAIL BUCK 650EX ,NACH,NACHMAN INTERNATIONAL CO. LTD,AT-04348-2,127391,"REF# : 50-1126, 50-114350-1126, 50-1143; FRONT A-ARM REPAIR KITS: UPPER & LOWER",,,
JOHN DEERE,TRAIL BUCK 650EXT ,NACH,NACHMAN INTERNATIONAL CO. LTD,AT-04348-2,127391,"REF# : 50-1126, 50-114350-1126, 50-1143; FRONT A-ARM REPAIR KITS: UPPER & LOWER",,,
KAWASAKI,KSF250 MOJAVE,NACH,NACHMAN INTERNATIONAL CO. LTD,AT-04125,127376,"REF# : 50-1012,50-1012; FRONT A-ARM REPAIR KITS: UPPER",,,1987-04
KAWASAKI,KXF250 TECATE,NACH,NACHMAN INTERNATIONAL CO. LTD,AT-04125,127376,"REF# : 50-1012,50-1012; FRONT A-ARM REPAIR KITS: UPPER & LOWER",,,1987
KAWASAKI,KEF300 LAKOTA,NACH,NACHMAN INTERNATIONAL CO. LTD,AT-04125,127376,"REF# : 50-1012,50-1012; FRONT A-ARM REPAIR KITS: UPPER & LOWER",,,1995-03
KAWASAKI,KVF300 BRUTE FORCE,NACH,NACHMAN INTERNATIONAL CO. LTD,AT-04521,128262,"REF# : 50-1152,50-1152; FRONT A-ARM REPAIR KITS: UPPER & LOWER",,,2012-23
KAWASAKI,KFX700 V-FORCE,NACH,NACHMAN INTERNATIONAL CO. LTD,AT-04127,127378,"REF# : 50-1029,50-1029; FRONT A-ARM REPAIR KITS: UPPER & LOWER",,,2004-09
UTV,KRF750 TERYX / 4,NACH,NACHMAN INTERNATIONAL CO. LTD,AT-04500,127392,REF# : ; FRONT A-ARM REPAIR KITS: UPPER & LOWER,,,2008-13
UTV,KRF800 TERYX / 4,NACH,NACHMAN INTERNATIONAL CO. LTD,AT-04500,127392,REF# : ; FRONT A-ARM REPAIR KITS: UPPER & LOWER,,,2014-22
POLARIS,SPORTSMAN 550 EPS ,NACH,NACHMAN INTERNATIONAL CO. LTD,AT-04354,128247,"REF# : 50-1094,50-1094; FRONT A-ARM REPAIR KITS: UPPER & LOWER",,,2014
POLARIS,SPORTSMAN 550 X2 ALL,NACH,NACHMAN INTERNATIONAL CO. LTD,AT-04354,128247,"REF# : 50-1094,50-1094; FRONT A-ARM REPAIR KITS: UPPER & LOWER",,,2014
POLARIS,SPORTSMAN 550 XP ,NACH,NACHMAN INTERNATIONAL CO. LTD,AT-04354,128247,"REF# : 50-1094,50-1094; FRONT A-ARM REPAIR KITS: UPPER & LOWER",,,2014
POLARIS,SPORTSMAN 550 XP EPS HD INTL ,NACH,NACHMAN INTERNATIONAL CO. LTD,AT-04354,128247,"REF# : 50-1094,50-1094; FRONT A-ARM REPAIR KITS: UPPER & LOWER",,,2014
POLARIS,SPORTSMAN FOREST 550,NACH,NACHMAN INTERNATIONAL CO. LTD,AT-04354,128247,"REF# : 50-1094,50-1094; FRONT A-ARM REPAIR KITS: UPPER & LOWER",,,2013
POLARIS,SPORTSMAN TOURING 550 EPS ,NACH,NACHMAN INTERNATIONAL CO. LTD,AT-04354,128247,"REF# : 50-1094,50-1094; FRONT A-ARM REPAIR KITS: UPPER & LOWER",,,2014
POLARIS,SCRAMBLER 850 ,NACH,NACHMAN INTERNATIONAL CO. LTD,AT-04354,128247,"REF# : 50-1094,50-1094; FRONT A-ARM REPAIR KITS: UPPER & LOWER",,,2015-23
POLARIS,SCRAMBLER 850 EU ,NACH,NACHMAN INTERNATIONAL CO. LTD,AT-04354,128247,"REF# : 50-1094,50-1094; FRONT A-ARM REPAIR KITS: UPPER & LOWER",,,2015
POLARIS,SCRAMBLER 850 HO/EPS ,NACH,NACHMAN INTERNATIONAL CO. LTD,AT-04354,128247,"REF# : 50-1094,50-1094; FRONT A-ARM REPAIR KITS: UPPER & LOWER",,,2014
POLARIS,SCRAMBLER 850 MD ,NACH,NACHMAN INTERNATIONAL CO. LTD,AT-04354,128247,"REF# : 50-1094,50-1094; FRONT A-ARM REPAIR KITS: UPPER & LOWER",,,2015
POLARIS,SCRAMBLER 850 XP HO EPS ,NACH,NACHMAN INTERNATIONAL CO. LTD,AT-04354,128247,"REF# : 50-1094,50-1094; FRONT A-ARM REPAIR KITS: UPPER & LOWER",,,2014
POLARIS,SPORTSMAN 850 HIGH LIFTER ,NACH,NACHMAN INTERNATIONAL CO. LTD,AT-04354,128247,"REF# : 50-1094,50-1094; FRONT A-ARM REPAIR KITS: UPPER & LOWER",,,2017-20
POLARIS,SPORTSMAN 850 SP ,NACH,NACHMAN INTERNATIONAL CO. LTD,AT-04354,128247,"REF# : 50-1094,50-1094; FRONT A-ARM REPAIR KITS: UPPER & LOWER",,,2015-20
POLARIS,SPORTSMAN 850 WV ,NACH,NACHMAN INTERNATIONAL CO. LTD,AT-04354,128247,"REF# : 50-1094,50-1094; FRONT A-ARM REPAIR KITS: UPPER & LOWER",,,2014
POLARIS,SPORTSMAN 850 XP HO EPS MD ,NACH,NACHMAN INTERNATIONAL CO. LTD,AT-04354,128247,"REF# : 50-1094,50-1094; FRONT A-ARM REPAIR KITS: UPPER & LOWER",,,2015
POLARIS,SPORTSMAN FOREST 850 ,NACH,NACHMAN INTERNATIONAL CO. LTD,AT-04354,128247,"REF# : 50-1094,50-1094; FRONT A-ARM REPAIR KITS: UPPER & LOWER",,,2014-15
POLARIS,SPORTSMAN TOURING 850 EPS ,NACH,NACHMAN INTERNATIONAL CO. LTD,AT-04354,128247,"REF# : 50-1094,50-1094; FRONT A-ARM REPAIR KITS: UPPER & LOWER",,,2014
POLARIS,SPORTSMAN TOURING 850 SP ,NACH,NACHMAN INTERNATIONAL CO. LTD,AT-04354,128247,"REF# : 50-1094,50-1094; FRONT A-ARM REPAIR KITS: UPPER & LOWER",,,2015-20
POLARIS,SCRAMBLER 1000 MD ,NACH,NACHMAN INTERNATIONAL CO. LTD,AT-04354,128247,"REF# : 50-1094,50-1094; FRONT A-ARM REPAIR KITS: UPPER & LOWER",,,2015-17
POLARIS,SCRAMBLER 1000 XP ,NACH,NACHMAN INTERNATIONAL CO. LTD,AT-04354,128247,"REF# : 50-1094,50-1094; FRONT A-ARM REPAIR KITS: UPPER & LOWER",,,2015-20
POLARIS,SCRAMBLER 1000 XP HO EPS ,NACH,NACHMAN INTERNATIONAL CO. LTD,AT-04354,128247,"REF# : 50-1094,50-1094; FRONT A-ARM REPAIR KITS: UPPER & LOWER",,,2014-15
POLARIS,SPORTSMAN 1000 HIGH LIFTER ,NACH,NACHMAN INTERNATIONAL CO. LTD,AT-04354,128247,"REF# : 50-1094,50-1094; FRONT A-ARM REPAIR KITS: UPPER & LOWER",,,2016-20
POLARIS,SPORTSMAN 1000 MD,NACH,NACHMAN INTERNATIONAL CO. LTD,AT-04354,128247,"REF# : 50-1094,50-1094; FRONT A-ARM REPAIR KITS: UPPER & LOWER",,,2015-16
POLARIS,SPORTSMAN 1000 XP ,NACH,NACHMAN INTERNATIONAL CO. LTD,AT-04354,128247,"REF# : 50-1094,50-1094; FRONT A-ARM REPAIR KITS: UPPER & LOWER",,,2015-21
POLARIS,"SPORTSMAN 1000 XP TRACTOR BUILT 
AFTER 2/16/16 ",NACH,NACHMAN INTERNATIONAL CO. LTD,AT-04354,128247,"REF# : 50-1094,50-1094; FRONT A-ARM REPAIR KITS: UPPER & LOWER",,,2016
POLARIS,"SPORTSMAN 1000 XP TRACTOR BUILT 
BEFORE 2/15/16 ",NACH,NACHMAN INTERNATIONAL CO. LTD,AT-04354,128247,"REF# : 50-1094,50-1094; FRONT A-ARM REPAIR KITS: UPPER & LOWER",,,2016
POLARIS,SPORTSMAN FOREST 1000 EU ,NACH,NACHMAN INTERNATIONAL CO. LTD,AT-04354,128247,"REF# : 50-1094,50-1094; FRONT A-ARM REPAIR KITS: UPPER & LOWER",,,2015
POLARIS,SPORTSMAN TOURING 1000,NACH,NACHMAN INTERNATIONAL CO. LTD,AT-04354,128247,"REF# : 50-1094,50-1094; FRONT A-ARM REPAIR KITS: UPPER & LOWER",,,2015-21
SUZUKI,LT-Z250,NACH,NACHMAN INTERNATIONAL CO. LTD,AT-04128,127379,"REF# : 50-1039,50-1039; FRONT A-ARM REPAIR KITS: UPPER & LOWER",,,2004-08
SUZUKI,LT-4WD  ,NACH,NACHMAN INTERNATIONAL CO. LTD,AT-04128,127379,"REF# : 50-1039,50-1039; FRONT A-ARM REPAIR KITS: UPPER & LOWER",,,1987-98 
SUZUKI,LT-F250 ,NACH,NACHMAN INTERNATIONAL CO. LTD,AT-04128,127379,"REF# : 50-1039,50-1039; FRONT A-ARM REPAIR KITS: UPPER & LOWER",,,1988-01 
SUZUKI,LT-F 250 OZARK,NACH,NACHMAN INTERNATIONAL CO. LTD,AT-04128,127379,"REF# : 50-1039,50-1039; FRONT A-ARM REPAIR KITS: UPPER & LOWER",,,2002-14
SUZUKI,LT-F4WD  ,NACH,NACHMAN INTERNATIONAL CO. LTD,AT-04128,127379,"REF# : 50-1039,50-1039; FRONT A-ARM REPAIR KITS: UPPER & LOWER",,,1997-98 
SUZUKI,LT-F4WDX KING QUAD ,NACH,NACHMAN INTERNATIONAL CO. LTD,AT-04128,127379,"REF# : 50-1039,50-1039; FRONT A-ARM REPAIR KITS: UPPER & LOWER",,,1991-98 
SUZUKI,LT-F300F KING QUAD ,NACH,NACHMAN INTERNATIONAL CO. LTD,AT-04128,127379,"REF# : 50-1039,50-1039; FRONT A-ARM REPAIR KITS: UPPER & LOWER",,,1999-02 
SUZUKI,LT-A400 EIGER 2X4,NACH,NACHMAN INTERNATIONAL CO. LTD,AT-04128,127379,"REF# : 50-1039,50-1039; FRONT A-ARM REPAIR KITS: UPPER & LOWER",,,2002-07 
SUZUKI,LT-A400F EIGER 4X4,NACH,NACHMAN INTERNATIONAL CO. LTD,AT-04128,127379,"REF# : 50-1039,50-1039; FRONT A-ARM REPAIR KITS: UPPER & LOWER",,,2002-07 
SUZUKI,LT-F400 EIGER ,NACH,NACHMAN INTERNATIONAL CO. LTD,AT-04128,127379,"REF# : 50-1039,50-1039; FRONT A-ARM REPAIR KITS: UPPER & LOWER",,,2003-07 
SUZUKI,LT-F400F EIGER ,NACH,NACHMAN INTERNATIONAL CO. LTD,AT-04128,127379,"REF# : 50-1039,50-1039; FRONT A-ARM REPAIR KITS: UPPER & LOWER",,,2002-07 
SUZUKI,LT-F400F KING QUAD,NACH,NACHMAN INTERNATIONAL CO. LTD,AT-04128,127379,"REF# : 50-1039,50-1039; FRONT A-ARM REPAIR KITS: UPPER & LOWER",,,2008-17
SUZUKI,LT-A500F QUAD MASTER AUTO,NACH,NACHMAN INTERNATIONAL CO. LTD,AT-04128,127379,"REF# : 50-1039,50-1039; FRONT A-ARM REPAIR KITS: UPPER & LOWER",,,2000-01 
SUZUKI,LT-A500F VINSON ,NACH,NACHMAN INTERNATIONAL CO. LTD,AT-04128,127379,"REF# : 50-1039,50-1039; FRONT A-ARM REPAIR KITS: UPPER & LOWER",,,2002-07 
SUZUKI,LT-F500F QUAD RUNNER ,NACH,NACHMAN INTERNATIONAL CO. LTD,AT-04128,127379,"REF# : 50-1039,50-1039; FRONT A-ARM REPAIR KITS: UPPER & LOWER",,,1998-02 
SUZUKI,LT-F500F VINSON ,NACH,NACHMAN INTERNATIONAL CO. LTD,AT-04128,127379,"REF# : 50-1039,50-1039; FRONT A-ARM REPAIR KITS: UPPER & LOWER",,,2003-07 
YAMAHA,YFM350 GRIZZLY IRS,NACH,NACHMAN INTERNATIONAL CO. LTD,AT-04340,127390,"REF# : 50-1036,50-1036; FRONT A-ARM REPAIR KITS: UPPER & LOWER",,,2007-11
YAMAHA,YFM350 GRIZZLY FGW ,NACH,NACHMAN INTERNATIONAL CO. LTD,AT-04340,127390,"REF# : 50-1036,50-1036; FRONT A-ARM REPAIR KITS: UPPER & LOWER",,,2007-14
YAMAHA,YFM350 GRIZZLY GW ,NACH,NACHMAN INTERNATIONAL CO. LTD,AT-04340,127390,"REF# : 50-1036,50-1036; FRONT A-ARM REPAIR KITS: UPPER & LOWER",,,2007-11
YAMAHA,YFM350 BRUIN ,NACH,NACHMAN INTERNATIONAL CO. LTD,AT-04340,127390,"REF# : 50-1036,50-1036; FRONT A-ARM REPAIR KITS: UPPER & LOWER",,,2004-06
YAMAHA,YFM350 BIG BEAR ,NACH,NACHMAN INTERNATIONAL CO. LTD,AT-04340,127390,"REF# : 50-1036,50-1036; FRONT A-ARM REPAIR KITS: UPPER & LOWER",,,1987-99
YAMAHA,YFM350 WOLVERINE,NACH,NACHMAN INTERNATIONAL CO. LTD,AT-04340,127390,"REF# : 50-1036,50-1036; FRONT A-ARM REPAIR KITS: UPPER & LOWER",,,1995-09
YAMAHA,YFM400 BIG BEAR 2WD ,NACH,NACHMAN INTERNATIONAL CO. LTD,AT-04340,127390,"REF# : 50-1036,50-1036; FRONT A-ARM REPAIR KITS: UPPER & LOWER",,,2000-04
YAMAHA,YFM400 BIG BEAR 4WD ,NACH,NACHMAN INTERNATIONAL CO. LTD,AT-04340,127390,"REF# : 50-1036,50-1036; FRONT A-ARM REPAIR KITS: UPPER & LOWER",,,2000-06
YAMAHA,YFM400 BIG BEAR IRS,NACH,NACHMAN INTERNATIONAL CO. LTD,AT-04340,127390,"REF# : 50-1036,50-1036; FRONT A-ARM REPAIR KITS: UPPER & LOWER",,,2007-12
YAMAHA,YFM400 GRIZZLY IRS,NACH,NACHMAN INTERNATIONAL CO. LTD,AT-04340,127390,"REF# : 50-1036,50-1036; FRONT A-ARM REPAIR KITS: UPPER & LOWER",,,2007-08
YAMAHA,YFM400 KODIAK 2WD ,NACH,NACHMAN INTERNATIONAL CO. LTD,AT-04340,127390,"REF# : 50-1036,50-1036; FRONT A-ARM REPAIR KITS: UPPER & LOWER",,,2000-04 
YAMAHA,YFM400 KODIAK 4WD ,NACH,NACHMAN INTERNATIONAL CO. LTD,AT-04340,127390,"REF# : 50-1036,50-1036; FRONT A-ARM REPAIR KITS: UPPER & LOWER",,,1993-06 
YAMAHA,YFM450 GRIZZLY IRS,NACH,NACHMAN INTERNATIONAL CO. LTD,AT-04340,127390,"REF# : 50-1036,50-1036; FRONT A-ARM REPAIR KITS: UPPER & LOWER",,,2007-14
YAMAHA,YFM450 KODIAK,NACH,NACHMAN INTERNATIONAL CO. LTD,AT-04340,127390,"REF# : 50-1036,50-1036; FRONT A-ARM REPAIR KITS: UPPER & LOWER",,,2003-06
YAMAHA,YFM450 KODIAK,NACH,NACHMAN INTERNATIONAL CO. LTD,AT-04340,127390,"REF# : 50-1036,50-1036; FRONT A-ARM REPAIR KITS: UPPER & LOWER",,,2018-22
YAMAHA,YFM450FX WOLVERINE 4X4 ,NACH,NACHMAN INTERNATIONAL CO. LTD,AT-04340,127390,"REF# : 50-1036,50-1036; FRONT A-ARM REPAIR KITS: UPPER & LOWER",,,2006-12
YAMAHA,YFM550 GRIZZLY/EPS,NACH,NACHMAN INTERNATIONAL CO. LTD,AT-04340,127390,"REF# : 50-1036,50-1036; FRONT A-ARM REPAIR KITS: UPPER & LOWER",,,2009-14
YAMAHA,YFM660 GRIZZLY ,NACH,NACHMAN INTERNATIONAL CO. LTD,AT-04340,127390,"REF# : 50-1036,50-1036; FRONT A-ARM REPAIR KITS: UPPER & LOWER",,,2002-08
YAMAHA,YFM700 GRIZZLY,NACH,NACHMAN INTERNATIONAL CO. LTD,AT-04340,127390,"REF# : 50-1036,50-1036; FRONT A-ARM REPAIR KITS: UPPER & LOWER",,,2007-16
YAMAHA,YFM700 GRIZZLY EPS,NACH,NACHMAN INTERNATIONAL CO. LTD,AT-04340,127390,"REF# : 50-1036,50-1036; FRONT A-ARM REPAIR KITS: UPPER & LOWER",,,2008-22
YAMAHA,KODIAK 700 4WD/EPS,NACH,NACHMAN INTERNATIONAL CO. LTD,AT-04340,127390,"REF# : 50-1036,50-1036; FRONT A-ARM REPAIR KITS: UPPER & LOWER",,,2016-22
UTV,RHINO 450,NACH,NACHMAN INTERNATIONAL CO. LTD,AT-04340,127390,"REF# : 50-1036,50-1036; FRONT A-ARM REPAIR KITS: UPPER & LOWER",,,2006-09
UTV,RHINO 660,NACH,NACHMAN INTERNATIONAL CO. LTD,AT-04340,127390,"REF# : 50-1036,50-1036; FRONT A-ARM REPAIR KITS: UPPER & LOWER",,,2004-07
UTV,RHINO FI 700 ,NACH,NACHMAN INTERNATIONAL CO. LTD,AT-04340,127390,"REF# : 50-1036,50-1036; FRONT A-ARM REPAIR KITS: UPPER & LOWER",,,2008-11
UTV,VIKING 700,NACH,NACHMAN INTERNATIONAL CO. LTD,AT-04340,127390,"REF# : 50-1036,50-1036; FRONT A-ARM REPAIR KITS: UPPER & LOWER",,,2014-22
UTV,VIKING 700 VI ,NACH,NACHMAN INTERNATIONAL CO. LTD,AT-04340,127390,"REF# : 50-1036,50-1036; FRONT A-ARM REPAIR KITS: UPPER & LOWER",,,2015-22
UTV,WOLVERINE 700 EPS,NACH,NACHMAN INTERNATIONAL CO. LTD,AT-04340,127390,"REF# : 50-1036,50-1036; FRONT A-ARM REPAIR KITS: UPPER & LOWER",,,2017
UTV,WOLVERINE 700 R-SPEC EPS,NACH,NACHMAN INTERNATIONAL CO. LTD,AT-04340,127390,"REF# : 50-1036,50-1036; FRONT A-ARM REPAIR KITS: UPPER & LOWER",,,2016-17
UTV,WOLVERINE 850 X4,NACH,NACHMAN INTERNATIONAL CO. LTD,AT-04340,127390,"REF# : 50-1036,50-1036; FRONT A-ARM REPAIR KITS: UPPER & LOWER",,,2018-20
ARCTIC CAT,400 FIS 2X4 W/AT ,NACH,NACHMAN INTERNATIONAL CO. LTD,AT-04502,129340,"REF# : 50-1130,50-1128; FRONT A-ARM REPAIR KITS: UPPER & LOWER",2004,,2004
ARCTIC CAT,400 FIS 2X4 W/AT ,NACH,NACHMAN INTERNATIONAL CO. LTD,AT-04502-1,127393,"REF# : 50-1061,50-1060; FRONT A-ARM REPAIR KITS: UPPER & LOWER",2004,,2004
ARCTIC CAT,400 FIS 2X4 W/MT ,NACH,NACHMAN INTERNATIONAL CO. LTD,AT-04502,129340,"REF# : 50-1130,50-1128; FRONT A-ARM REPAIR KITS: UPPER & LOWER",2004,,2004
ARCTIC CAT,400 FIS 2X4 W/MT ,NACH,NACHMAN INTERNATIONAL CO. LTD,AT-04502-1,127393,"REF# : 50-1061,50-1060; FRONT A-ARM REPAIR KITS: UPPER & LOWER",2004,,2004
ARCTIC CAT,400 FIS 4X4 TRV ,NACH,NACHMAN INTERNATIONAL CO. LTD,AT-04502,129340,"REF# : 50-1130,50-1128; FRONT A-ARM REPAIR KITS: UPPER & LOWER",2009-14,,2009-14
ARCTIC CAT,400 FIS 4X4 TRV ,NACH,NACHMAN INTERNATIONAL CO. LTD,AT-04502-1,127393,"REF# : 50-1061,50-1060; FRONT A-ARM REPAIR KITS: UPPER & LOWER",2009-14,,2009-14
ARCTIC CAT,400 FIS 4X4 W/AT ,NACH,NACHMAN INTERNATIONAL CO. LTD,AT-04502,129340,"REF# : 50-1130,50-1128; FRONT A-ARM REPAIR KITS: UPPER & LOWER",2004-08,,2004-08
ARCTIC CAT,400 FIS 4X4 W/AT ,NACH,NACHMAN INTERNATIONAL CO. LTD,AT-04502-1,127393,"REF# : 50-1061,50-1060; FRONT A-ARM REPAIR KITS: UPPER & LOWER",2004-08,,2004-08
ARCTIC CAT,400 FIS 4X4 W/MT ,NACH,NACHMAN INTERNATIONAL CO. LTD,AT-04502,129340,"REF# : 50-1130,50-1128; FRONT A-ARM REPAIR KITS: UPPER & LOWER",2004-08,,2004-08
ARCTIC CAT,400 FIS 4X4 W/MT ,NACH,NACHMAN INTERNATIONAL CO. LTD,AT-04502-1,127393,"REF# : 50-1061,50-1060; FRONT A-ARM REPAIR KITS: UPPER & LOWER",2004-08,,2004-08
ARCTIC CAT,400 TBX 4X4 ,NACH,NACHMAN INTERNATIONAL CO. LTD,AT-04502,129340,"REF# : 50-1130,50-1128; FRONT A-ARM REPAIR KITS: UPPER & LOWER",2005-06,,2005-06
ARCTIC CAT,400 TBX 4X4 ,NACH,NACHMAN INTERNATIONAL CO. LTD,AT-04502-1,127393,"REF# : 50-1061,50-1060; FRONT A-ARM REPAIR KITS: UPPER & LOWER",2005-06,,2005-06
ARCTIC CAT,450 H1 ,NACH,NACHMAN INTERNATIONAL CO. LTD,AT-04502,129340,"REF# : 50-1130,50-1128; FRONT A-ARM REPAIR KITS: UPPER & LOWER",2010-11,,2010-11
ARCTIC CAT,450 H1 ,NACH,NACHMAN INTERNATIONAL CO. LTD,AT-04502-1,127393,"REF# : 50-1061,50-1060; FRONT A-ARM REPAIR KITS: UPPER & LOWER",2010-11,,2010-11
ARCTIC CAT,450I EFI ,NACH,NACHMAN INTERNATIONAL CO. LTD,AT-04502,129340,"REF# : 50-1130,50-1128; FRONT A-ARM REPAIR KITS: UPPER & LOWER",2012,,2012
ARCTIC CAT,450I EFI ,NACH,NACHMAN INTERNATIONAL CO. LTD,AT-04502-1,127393,"REF# : 50-1061,50-1060; FRONT A-ARM REPAIR KITS: UPPER & LOWER",2012,,2012
ARCTIC CAT,450I TRV EFI ,NACH,NACHMAN INTERNATIONAL CO. LTD,AT-04502,129340,"REF# : 50-1130,50-1128; FRONT A-ARM REPAIR KITS: UPPER & LOWER",2012,,2012
ARCTIC CAT,450I TRV EFI ,NACH,NACHMAN INTERNATIONAL CO. LTD,AT-04502-1,127393,"REF# : 50-1061,50-1060; FRONT A-ARM REPAIR KITS: UPPER & LOWER",2012,,2012
ARCTIC CAT,450I TRV GT EFI ,NACH,NACHMAN INTERNATIONAL CO. LTD,AT-04502,129340,"REF# : 50-1130,50-1128; FRONT A-ARM REPAIR KITS: UPPER & LOWER",2012,,2012
ARCTIC CAT,450I TRV GT EFI ,NACH,NACHMAN INTERNATIONAL CO. LTD,AT-04502-1,127393,"REF# : 50-1061,50-1060; FRONT A-ARM REPAIR KITS: UPPER & LOWER",2012,,2012
ARCTIC CAT,500 ALTERRA XT EPS,NACH,NACHMAN INTERNATIONAL CO. LTD,AT-04502-1,127393,"REF# : 50-1061,50-1060; FRONT A-ARM REPAIR KITS: UPPER & LOWER",2012,,2012
ARCTIC CAT,500 EFI 4X4 A/T ,NACH,NACHMAN INTERNATIONAL CO. LTD,AT-04502-1,127393,"REF# : 50-1061,50-1060; FRONT A-ARM REPAIR KITS: UPPER & LOWER",2013,,2013
ARCTIC CAT,500 EFI 4X4 A/T ,NACH,NACHMAN INTERNATIONAL CO. LTD,AT-04502-1,127393,"REF# : 50-1061,50-1060; FRONT A-ARM REPAIR KITS: UPPER & LOWER",2013,,2013
ARCTIC CAT,500 FIS 4X4 W/AT ,NACH,NACHMAN INTERNATIONAL CO. LTD,AT-04502,129340,"REF# : 50-1130,50-1128; FRONT A-ARM REPAIR KITS: UPPER & LOWER",2004-09,,2004-09
ARCTIC CAT,500 FIS 4X4 W/AT ,NACH,NACHMAN INTERNATIONAL CO. LTD,AT-04502-1,127393,"REF# : 50-1061,50-1060; FRONT A-ARM REPAIR KITS: UPPER & LOWER",2004-09,,2004-09
ARCTIC CAT,500 FIS 4X4 W/MT ,NACH,NACHMAN INTERNATIONAL CO. LTD,AT-04502,129340,"REF# : 50-1130,50-1128; FRONT A-ARM REPAIR KITS: UPPER & LOWER",2004-09,,2004-09
ARCTIC CAT,500 FIS 4X4 W/MT ,NACH,NACHMAN INTERNATIONAL CO. LTD,AT-04502-1,127393,"REF# : 50-1061,50-1060; FRONT A-ARM REPAIR KITS: UPPER & LOWER",2004-09,,2004-09
ARCTIC CAT,500 FIS TBX 4X4,NACH,NACHMAN INTERNATIONAL CO. LTD,AT-04502,129340,"REF# : 50-1130,50-1128; FRONT A-ARM REPAIR KITS: UPPER & LOWER",2005-06,,2005-06
ARCTIC CAT,500 FIS TBX 4X4,NACH,NACHMAN INTERNATIONAL CO. LTD,AT-04502-1,127393,"REF# : 50-1061,50-1060; FRONT A-ARM REPAIR KITS: UPPER & LOWER",2005-06,,2005-06
ARCTIC CAT,500 FIS TRV 4X4,NACH,NACHMAN INTERNATIONAL CO. LTD,AT-04502,129340,"REF# : 50-1130,50-1128; FRONT A-ARM REPAIR KITS: UPPER & LOWER",2005-08,,2005-08
ARCTIC CAT,500 FIS TRV 4X4,NACH,NACHMAN INTERNATIONAL CO. LTD,AT-04502-1,127393,"REF# : 50-1061,50-1060; FRONT A-ARM REPAIR KITS: UPPER & LOWER",2005-08,,2005-08
ARCTIC CAT,500 TRV ,NACH,NACHMAN INTERNATIONAL CO. LTD,AT-04502-1,127393,"REF# : 50-1061,50-1060; FRONT A-ARM REPAIR KITS: UPPER & LOWER",2013,,2013
ARCTIC CAT,500 TRV ,NACH,NACHMAN INTERNATIONAL CO. LTD,AT-04502,129340,"REF# : 50-1130,50-1128; FRONT A-ARM REPAIR KITS: UPPER & LOWER",2013-15,,2013-15
ARCTIC CAT,500 XT EFI ,NACH,NACHMAN INTERNATIONAL CO. LTD,AT-04502-1,127393,"REF# : 50-1061,50-1060; FRONT A-ARM REPAIR KITS: UPPER & LOWER",2013,,2013
ARCTIC CAT,500 XT EFI ,NACH,NACHMAN INTERNATIONAL CO. LTD,AT-04502,129340,"REF# : 50-1130,50-1128; FRONT A-ARM REPAIR KITS: UPPER & LOWER",2013-14,,2013-14
ARCTIC CAT,550 ALTERRA,NACH,NACHMAN INTERNATIONAL CO. LTD,AT-04502,129340,"REF# : 50-1130,50-1128; FRONT A-ARM REPAIR KITS: UPPER & LOWER",2016,,2016
ARCTIC CAT,550 EFI 4X4 ,NACH,NACHMAN INTERNATIONAL CO. LTD,AT-04502-1,127393,"REF# : 50-1061,50-1060; FRONT A-ARM REPAIR KITS: UPPER & LOWER",2012-13,,2012-13
ARCTIC CAT,550 EFI 4X4 ,NACH,NACHMAN INTERNATIONAL CO. LTD,AT-04502,129340,"REF# : 50-1130,50-1128; FRONT A-ARM REPAIR KITS: UPPER & LOWER",2012-13,,2012-13
ARCTIC CAT,550 EFI 4X4 ,NACH,NACHMAN INTERNATIONAL CO. LTD,AT-04502-1,127393,"REF# : 50-1061,50-1060; FRONT A-ARM REPAIR KITS: UPPER & LOWER",2012-13,,2012-13
ARCTIC CAT,550 GT EFI 4X4 ,NACH,NACHMAN INTERNATIONAL CO. LTD,AT-04502,129340,"REF# : 50-1130,50-1128; FRONT A-ARM REPAIR KITS: UPPER & LOWER",2012,,2012
ARCTIC CAT,550 GT EFI 4X4 ,NACH,NACHMAN INTERNATIONAL CO. LTD,AT-04502-1,127393,"REF# : 50-1061,50-1060; FRONT A-ARM REPAIR KITS: UPPER & LOWER",2012,,2012
ARCTIC CAT,550 H1 FIS 4X4 ,NACH,NACHMAN INTERNATIONAL CO. LTD,AT-04502,129340,"REF# : 50-1130,50-1128; FRONT A-ARM REPAIR KITS: UPPER & LOWER",2009-11,,2009-11
ARCTIC CAT,550 H1 FIS 4X4 ,NACH,NACHMAN INTERNATIONAL CO. LTD,AT-04502-1,127393,"REF# : 50-1061,50-1060; FRONT A-ARM REPAIR KITS: UPPER & LOWER",2009-11,,2009-11
ARCTIC CAT,550 TRV 4X4 W/AT ,NACH,NACHMAN INTERNATIONAL CO. LTD,AT-04502-1,127393,"REF# : 50-1061,50-1060; FRONT A-ARM REPAIR KITS: UPPER & LOWER",2009-11,,2009-11
ARCTIC CAT,550 TRV 4X4 W/AT ,NACH,NACHMAN INTERNATIONAL CO. LTD,AT-04502,129340,"REF# : 50-1130,50-1128; FRONT A-ARM REPAIR KITS: UPPER & LOWER",2009-13,,2009-13
ARCTIC CAT,550 TRV 4X4 W/AT ,NACH,NACHMAN INTERNATIONAL CO. LTD,AT-04502-1,127393,"REF# : 50-1061,50-1060; FRONT A-ARM REPAIR KITS: UPPER & LOWER",2012-13,,2012-13
ARCTIC CAT,550 TRV XT/LTD,NACH,NACHMAN INTERNATIONAL CO. LTD,AT-04502,129340,"REF# : 50-1130,50-1128; FRONT A-ARM REPAIR KITS: UPPER & LOWER",2014-15,,2014-15
ARCTIC CAT,550 XT EFI 4X4 ,NACH,NACHMAN INTERNATIONAL CO. LTD,AT-04502-1,127393,"REF# : 50-1061,50-1060; FRONT A-ARM REPAIR KITS: UPPER & LOWER",2013,,2013
ARCTIC CAT,550 XT EFI 4X4 ,NACH,NACHMAN INTERNATIONAL CO. LTD,AT-04502,129340,"REF# : 50-1130,50-1128; FRONT A-ARM REPAIR KITS: UPPER & LOWER",2013-14,,2013-14
ARCTIC CAT,570 ALTERRA,NACH,NACHMAN INTERNATIONAL CO. LTD,AT-04502,129340,"REF# : 50-1130,50-1128; FRONT A-ARM REPAIR KITS: UPPER & LOWER",2019-20,,2019-20
ARCTIC CAT,570 ALTERRA EPS,NACH,NACHMAN INTERNATIONAL CO. LTD,AT-04502,129340,"REF# : 50-1130,50-1128; FRONT A-ARM REPAIR KITS: UPPER & LOWER",2019-21,,2019-21
ARCTIC CAT,650 4X4 H1 ,NACH,NACHMAN INTERNATIONAL CO. LTD,AT-04502,129340,"REF# : 50-1130,50-1128; FRONT A-ARM REPAIR KITS: UPPER & LOWER",2005-11,,2005-11
ARCTIC CAT,650 4X4 H1 ,NACH,NACHMAN INTERNATIONAL CO. LTD,AT-04502-1,127393,"REF# : 50-1061,50-1060; FRONT A-ARM REPAIR KITS: UPPER & LOWER",2005-11,,2005-11
ARCTIC CAT,650 4X4 H1 MUD PRO ,NACH,NACHMAN INTERNATIONAL CO. LTD,AT-04502,129340,"REF# : 50-1130,50-1128; FRONT A-ARM REPAIR KITS: UPPER & LOWER",2010-11,,2010-11
ARCTIC CAT,650 4X4 H1 MUD PRO ,NACH,NACHMAN INTERNATIONAL CO. LTD,AT-04502-1,127393,"REF# : 50-1061,50-1060; FRONT A-ARM REPAIR KITS: UPPER & LOWER",2010-11,,2010-11
ARCTIC CAT,650 4X4 W/AT V2 ,NACH,NACHMAN INTERNATIONAL CO. LTD,AT-04502,129340,"REF# : 50-1130,50-1128; FRONT A-ARM REPAIR KITS: UPPER & LOWER",2004-06,,2004-06
ARCTIC CAT,650 4X4 W/AT V2 ,NACH,NACHMAN INTERNATIONAL CO. LTD,AT-04502-1,127393,"REF# : 50-1061,50-1060; FRONT A-ARM REPAIR KITS: UPPER & LOWER",2004-06,,2004-06
ARCTIC CAT,650I 4X4 ,NACH,NACHMAN INTERNATIONAL CO. LTD,AT-04502,129340,"REF# : 50-1130,50-1128; FRONT A-ARM REPAIR KITS: UPPER & LOWER",2012,,2012
ARCTIC CAT,650I 4X4 ,NACH,NACHMAN INTERNATIONAL CO. LTD,AT-04502-1,127393,"REF# : 50-1061,50-1060; FRONT A-ARM REPAIR KITS: UPPER & LOWER",2012,,2012
ARCTIC CAT,700 DIESEL ,NACH,NACHMAN INTERNATIONAL CO. LTD,AT-04502,129340,"REF# : 50-1130,50-1128; FRONT A-ARM REPAIR KITS: UPPER & LOWER",2007-15,,2007-15
ARCTIC CAT,700 DIESEL ,NACH,NACHMAN INTERNATIONAL CO. LTD,AT-04502-1,127393,"REF# : 50-1061,50-1060; FRONT A-ARM REPAIR KITS: UPPER & LOWER",2008-11,,2008-11
ARCTIC CAT,700 EFI ,NACH,NACHMAN INTERNATIONAL CO. LTD,AT-04502,129340,"REF# : 50-1130,50-1128; FRONT A-ARM REPAIR KITS: UPPER & LOWER",2007-08,,2007-08
ARCTIC CAT,700 EFI H1,NACH,NACHMAN INTERNATIONAL CO. LTD,AT-04502,129340,"REF# : 50-1130,50-1128; FRONT A-ARM REPAIR KITS: UPPER & LOWER",2008-11,,2008-11
ARCTIC CAT,700 EFI H1 MUDPRO ,NACH,NACHMAN INTERNATIONAL CO. LTD,AT-04502,129340,"REF# : 50-1130,50-1128; FRONT A-ARM REPAIR KITS: UPPER & LOWER",2009-11,,2009-11
ARCTIC CAT,700 EFI H1 MUDPRO ,NACH,NACHMAN INTERNATIONAL CO. LTD,AT-04502-1,127393,"REF# : 50-1061,50-1060; FRONT A-ARM REPAIR KITS: UPPER & LOWER",2009-11,,2009-11
ARCTIC CAT,700 EFI H1 W/AT ,NACH,NACHMAN INTERNATIONAL CO. LTD,AT-04502-1,127393,"REF# : 50-1061,50-1060; FRONT A-ARM REPAIR KITS: UPPER & LOWER",2008-11,,2008-11
ARCTIC CAT,700 EFI H1 W/AT ,NACH,NACHMAN INTERNATIONAL CO. LTD,AT-04502-1,127393,"REF# : 50-1061,50-1060; FRONT A-ARM REPAIR KITS: UPPER & LOWER",2008-11,,2008-11
ARCTIC CAT,700 EFI/LTD,NACH,NACHMAN INTERNATIONAL CO. LTD,AT-04502-1,127393,"REF# : 50-1061,50-1060; FRONT A-ARM REPAIR KITS: UPPER & LOWER",2011-14,,2011-14
ARCTIC CAT,700 GT EFI ,NACH,NACHMAN INTERNATIONAL CO. LTD,AT-04502,129340,"REF# : 50-1130,50-1128; FRONT A-ARM REPAIR KITS: UPPER & LOWER",2012,,2012
ARCTIC CAT,700 GT EFI ,NACH,NACHMAN INTERNATIONAL CO. LTD,AT-04502-1,127393,"REF# : 50-1061,50-1060; FRONT A-ARM REPAIR KITS: UPPER & LOWER",2012,,2012
ARCTIC CAT,700 H1 TRV ,NACH,NACHMAN INTERNATIONAL CO. LTD,AT-04502-1,127393,"REF# : 50-1061,50-1060; FRONT A-ARM REPAIR KITS: UPPER & LOWER",2008-11,,2008-11
ARCTIC CAT,700 LTD EFI ,NACH,NACHMAN INTERNATIONAL CO. LTD,AT-04502,129340,"REF# : 50-1130,50-1128; FRONT A-ARM REPAIR KITS: UPPER & LOWER",2013,,2013
ARCTIC CAT,700 LTD EFI ,NACH,NACHMAN INTERNATIONAL CO. LTD,AT-04502-1,127393,"REF# : 50-1061,50-1060; FRONT A-ARM REPAIR KITS: UPPER & LOWER",2013,,2013
ARCTIC CAT,700 TBX,NACH,NACHMAN INTERNATIONAL CO. LTD,AT-04502-1,127393,"REF# : 50-1061,50-1060; FRONT A-ARM REPAIR KITS: UPPER & LOWER",2010-18,,2010-18
ARCTIC CAT,700 TBX,NACH,NACHMAN INTERNATIONAL CO. LTD,AT-04502,129340,"REF# : 50-1130,50-1128; FRONT A-ARM REPAIR KITS: UPPER & LOWER",2010-18,,2010-18
ARCTIC CAT,700 TRV ,NACH,NACHMAN INTERNATIONAL CO. LTD,AT-04502,129340,"REF# : 50-1130,50-1128; FRONT A-ARM REPAIR KITS: UPPER & LOWER",2008-15,,2008-15
ARCTIC CAT,700 XT ,NACH,NACHMAN INTERNATIONAL CO. LTD,AT-04502-1,127393,"REF# : 50-1061,50-1060; FRONT A-ARM REPAIR KITS: UPPER & LOWER",2013,,2013
ARCTIC CAT,700 XT ,NACH,NACHMAN INTERNATIONAL CO. LTD,AT-04502,129340,"REF# : 50-1130,50-1128; FRONT A-ARM REPAIR KITS: UPPER & LOWER",2013-14,,2013-14
ARCTIC CAT,700I EFI MUDPRO/LTD  ,NACH,NACHMAN INTERNATIONAL CO. LTD,AT-04502,129340,"REF# : 50-1130,50-1128; FRONT A-ARM REPAIR KITS: UPPER & LOWER",2012-15,,2012-15
ARCTIC CAT,ALTERRA 700 ,NACH,NACHMAN INTERNATIONAL CO. LTD,AT-04502,129340,"REF# : 50-1130,50-1128; FRONT A-ARM REPAIR KITS: UPPER & LOWER",2016-21,,2016-21
ARCTIC CAT,ALTERRA 700 XT EPS ,NACH,NACHMAN INTERNATIONAL CO. LTD,AT-04502,129340,"REF# : 50-1130,50-1128; FRONT A-ARM REPAIR KITS: UPPER & LOWER",2017-20,,2017-20
ARCTIC CAT,ALTERRA TRV 700 XT EPS ,NACH,NACHMAN INTERNATIONAL CO. LTD,AT-04502,129340,"REF# : 50-1130,50-1128; FRONT A-ARM REPAIR KITS: UPPER & LOWER",2017-22,,2017-22
ARCTIC CAT,1000 CRUISER ,NACH,NACHMAN INTERNATIONAL CO. LTD,AT-04502-1,127393,"REF# : 50-1061,50-1060; FRONT A-ARM REPAIR KITS: UPPER & LOWER",2012,,2012
ARCTIC CAT,1000 TRV,NACH,NACHMAN INTERNATIONAL CO. LTD,AT-04502,129340,"REF# : 50-1130,50-1128; FRONT A-ARM REPAIR KITS: UPPER & LOWER",2013,,2013
ARCTIC CAT,1000 TRV GT ,NACH,NACHMAN INTERNATIONAL CO. LTD,AT-04502,129340,"REF# : 50-1130,50-1128; FRONT A-ARM REPAIR KITS: UPPER & LOWER",2012,,2012
ARCTIC CAT,1000 TRV GT ,NACH,NACHMAN INTERNATIONAL CO. LTD,AT-04502-1,127393,"REF# : 50-1061,50-1060; FRONT A-ARM REPAIR KITS: UPPER & LOWER",2012,,2012
ARCTIC CAT,1000 TRV LTD ,NACH,NACHMAN INTERNATIONAL CO. LTD,AT-04502-1,127393,"REF# : 50-1061,50-1060; FRONT A-ARM REPAIR KITS: UPPER & LOWER",2013,,2013
ARCTIC CAT,1000 XT,NACH,NACHMAN INTERNATIONAL CO. LTD,AT-04502,129340,"REF# : 50-1130,50-1128; FRONT A-ARM REPAIR KITS: UPPER & LOWER",2013-17,,2013-17
ARCTIC CAT,1000 XT ,NACH,NACHMAN INTERNATIONAL CO. LTD,AT-04502-1,127393,"REF# : 50-1061,50-1060; FRONT A-ARM REPAIR KITS: UPPER & LOWER",2013,,2013
ARCTIC CAT,1000I GT ,NACH,NACHMAN INTERNATIONAL CO. LTD,AT-04502-1,127393,"REF# : 50-1061,50-1060; FRONT A-ARM REPAIR KITS: UPPER & LOWER",2012,,2012
ARCTIC CAT,1000I GT ,NACH,NACHMAN INTERNATIONAL CO. LTD,AT-04502,129340,"REF# : 50-1130,50-1128; FRONT A-ARM REPAIR KITS: UPPER & LOWER",2012,,2012
ARCTIC CAT,1000I GT ,NACH,NACHMAN INTERNATIONAL CO. LTD,AT-04502-1,127393,"REF# : 50-1061,50-1060; FRONT A-ARM REPAIR KITS: UPPER & LOWER",2012,,2012
ARCTIC CAT,1000I LTD EFI MUDPRO ,NACH,NACHMAN INTERNATIONAL CO. LTD,AT-04502-1,127393,"REF# : 50-1061,50-1060; FRONT A-ARM REPAIR KITS: UPPER & LOWER",2012-13,,2012-13
ARCTIC CAT,1000I LTD EFI MUDPRO ,NACH,NACHMAN INTERNATIONAL CO. LTD,AT-04502,129340,"REF# : 50-1130,50-1128; FRONT A-ARM REPAIR KITS: UPPER & LOWER",2012-14,,2012-14
ARCTIC CAT,H2 MUDPRO ,NACH,NACHMAN INTERNATIONAL CO. LTD,AT-04502,129340,"REF# : 50-1130,50-1128; FRONT A-ARM REPAIR KITS: UPPER & LOWER",2010-11,,2010-11
ARCTIC CAT,H2 MUDPRO ,NACH,NACHMAN INTERNATIONAL CO. LTD,AT-04502-1,127393,"REF# : 50-1061,50-1060; FRONT A-ARM REPAIR KITS: UPPER & LOWER",2010-11,,2010-11
ARCTIC CAT,H2 THUNDERCAT ,NACH,NACHMAN INTERNATIONAL CO. LTD,AT-04502,129340,"REF# : 50-1130,50-1128; FRONT A-ARM REPAIR KITS: UPPER & LOWER",2008-11,,2008-11
ARCTIC CAT,H2 THUNDERCAT ,NACH,NACHMAN INTERNATIONAL CO. LTD,AT-04502-1,127393,"REF# : 50-1061,50-1060; FRONT A-ARM REPAIR KITS: UPPER & LOWER",2008-11,,2008-11
UTV,PROWLER 550 ,NACH,NACHMAN INTERNATIONAL CO. LTD,AT-04502,129340,"REF# : 50-1130,50-1128; FRONT A-ARM REPAIR KITS: UPPER & LOWER",2009-14,,2009-14
UTV,PROWLER 650 ,NACH,NACHMAN INTERNATIONAL CO. LTD,AT-04502,129340,"REF# : 50-1130,50-1128; FRONT A-ARM REPAIR KITS: UPPER & LOWER",2007,,2007
UTV,PROWLER 650 ,NACH,NACHMAN INTERNATIONAL CO. LTD,AT-04502,129340,"REF# : 50-1061,50-1128; FRONT A-ARM REPAIR KITS: UPPER & LOWER",2007,,2007
UTV,PROWLER 650 XT ,NACH,NACHMAN INTERNATIONAL CO. LTD,AT-04502,129340,"REF# : 50-1130,50-1128; FRONT A-ARM REPAIR KITS: UPPER & LOWER",2006-09,,2006-09
UTV,PROWLER 650 XT ,NACH,NACHMAN INTERNATIONAL CO. LTD,AT-04502,129340,"REF# : 50-1061,50-1128; FRONT A-ARM REPAIR KITS: UPPER & LOWER",2006-09,,2006-09
UTV,PROWLER 700 XTX ,NACH,NACHMAN INTERNATIONAL CO. LTD,AT-04502,129340,"REF# : 50-1130,50-1128; FRONT A-ARM REPAIR KITS: UPPER & LOWER",2008-14,,2008-14
ARCTIC CAT,WILDCAT TRAIL/TRAIL XT,NACH,NACHMAN INTERNATIONAL CO. LTD,AT-04509,127395,"REF# : 50-1160,50-1163; FRONT A-ARM REPAIR KITS: UPPER & LOWER",2014-19,,2014-19
UTV,COMMANDER 1000 DPS,NACH,NACHMAN INTERNATIONAL CO. LTD,AT-04348-2,127391,"REF# : 50-112750-1126, 50-1143; FRONT A-ARM REPAIR KITS: UPPER & LOWER",2016-19,,2016-19
UTV,COMMANDER 1000 LTD,NACH,NACHMAN INTERNATIONAL CO. LTD,AT-04348-2,127391,"REF# : 50-112750-1126, 50-1143; FRONT A-ARM REPAIR KITS: UPPER & LOWER",2016-19,,2016-19
UTV,COMMANDER 1000 STD,NACH,NACHMAN INTERNATIONAL CO. LTD,AT-04348-2,127391,"REF# : 50-112750-1126, 50-1143; FRONT A-ARM REPAIR KITS: UPPER & LOWER",2011-19,,2011-19
UTV,COMMANDER 1000 XT,NACH,NACHMAN INTERNATIONAL CO. LTD,AT-04348-2,127391,"REF# : 50-112750-1126, 50-1143; FRONT A-ARM REPAIR KITS: UPPER & LOWER",2016-19,,2016-19
UTV,COMMANDER 1000 XTP,NACH,NACHMAN INTERNATIONAL CO. LTD,AT-04348-2,127391,"REF# : 50-112750-1126, 50-1143; FRONT A-ARM REPAIR KITS: UPPER & LOWER",2014-17,,2014-17
UTV,COMMANDER 800 DPS,NACH,NACHMAN INTERNATIONAL CO. LTD,AT-04348-2,127391,"REF# : 50-112750-1126, 50-1143; FRONT A-ARM REPAIR KITS: UPPER & LOWER",2013-18,,2013-18
UTV,COMMANDER 800 LTD,NACH,NACHMAN INTERNATIONAL CO. LTD,AT-04348-2,127391,"REF# : 50-112750-1126, 50-1143; FRONT A-ARM REPAIR KITS: UPPER & LOWER",2016,,2016
UTV,COMMANDER 800 STD,NACH,NACHMAN INTERNATIONAL CO. LTD,AT-04348-2,127391,"REF# : 50-112750-1126, 50-1143; FRONT A-ARM REPAIR KITS: UPPER & LOWER",2011-18,,2011-18
UTV,COMMANDER 800 XT,NACH,NACHMAN INTERNATIONAL CO. LTD,AT-04348-2,127391,"REF# : 50-112750-1126, 50-1143; FRONT A-ARM REPAIR KITS: UPPER & LOWER",2011-18,,2011-18
UTV,COMMANDER 800 XTP,NACH,NACHMAN INTERNATIONAL CO. LTD,AT-04348-2,127391,"REF# : 50-112750-1126, 50-1143; FRONT A-ARM REPAIR KITS: UPPER & LOWER",2016,,2016
UTV,COMMANDER MAX 1000 STD,NACH,NACHMAN INTERNATIONAL CO. LTD,AT-04348-2,127391,"REF# : 50-112750-1126, 50-1143; FRONT A-ARM REPAIR KITS: UPPER & LOWER",2015-19,,2015-19
UTV,COMMANDER MAX 1000 XT/DPS/LTD,NACH,NACHMAN INTERNATIONAL CO. LTD,AT-04348-2,127391,"REF# : 50-112750-1126, 50-1143; FRONT A-ARM REPAIR KITS: UPPER & LOWER",2014-19,,2014-19
UTV,COMMANDER MAX 1000 XTP,NACH,NACHMAN INTERNATIONAL CO. LTD,AT-04348-2,127391,"REF# : 50-112750-1126, 50-1143; FRONT A-ARM REPAIR KITS: UPPER & LOWER",2015,,2015
UTV,COMMANDER MAX 800 DPS/LTD,NACH,NACHMAN INTERNATIONAL CO. LTD,AT-04348-2,127391,"REF# : 50-112750-1126, 50-1143; FRONT A-ARM REPAIR KITS: UPPER & LOWER",2016-19,,2016-19
HONDA,TRX500FA,NACH,NACHMAN INTERNATIONAL CO. LTD,AT-04134,127384,REF# : 50-100350-1038; FRONT A-ARM REPAIR KITS: UPPER & LOWER,2001-14,,2001-14
HONDA,TRX500FE,NACH,NACHMAN INTERNATIONAL CO. LTD,AT-04134,127384,REF# : 50-100350-1038; FRONT A-ARM REPAIR KITS: UPPER & LOWER,2005-13,,2005-13
HONDA,TRX500FM,NACH,NACHMAN INTERNATIONAL CO. LTD,AT-04134,127384,REF# : 50-100350-1038; FRONT A-ARM REPAIR KITS: UPPER & LOWER,2005-13,,2005-13
HONDA,TRX500FGA,NACH,NACHMAN INTERNATIONAL CO. LTD,AT-04134,127384,REF# : 50-100350-1038; FRONT A-ARM REPAIR KITS: UPPER & LOWER,2004-09,,2004-09
HONDA,TRX500FPM,NACH,NACHMAN INTERNATIONAL CO. LTD,AT-04134,127384,REF# : 50-100350-1038; FRONT A-ARM REPAIR KITS: UPPER & LOWER,2009-13,,2009-13
HONDA,TRX500FPE/FPM,NACH,NACHMAN INTERNATIONAL CO. LTD,AT-04134,127384,REF# : 50-100350-1038; FRONT A-ARM REPAIR KITS: UPPER & LOWER,2008-13,,2008-13
HONDA,TRX500FPA,NACH,NACHMAN INTERNATIONAL CO. LTD,AT-04134,127384,REF# : 50-100350-1038; FRONT A-ARM REPAIR KITS: UPPER & LOWER,2009-14,,2009-14
HONDA,TRX500TM,NACH,NACHMAN INTERNATIONAL CO. LTD,AT-04134,127384,REF# : 50-100350-1038; FRONT A-ARM REPAIR KITS: UPPER & LOWER,2005-06,,2005-06
KAWASAKI,KFX400,NACH,NACHMAN INTERNATIONAL CO. LTD,AT-04120-1,127371,"REF# : 50-1014,50-1028; FRONT A-ARM REPAIR KITS: UPPER & LOWER",2003-06,,2003-06
KAWASAKI,KVF650I BRUTE FORCE,NACH,NACHMAN INTERNATIONAL CO. LTD,AT-04126,127377,"REF# : 50-1032,50-1031; FRONT A-ARM REPAIR KITS: UPPER & LOWER",2006-13,,2006-13
KAWASAKI,KVF700 PRAIRIE ,NACH,NACHMAN INTERNATIONAL CO. LTD,AT-04126,127377,"REF# : 50-1029,50-1031; FRONT A-ARM REPAIR KITS: UPPER & LOWER",2004-06,,2004-06
KAWASAKI,KVF750 BRUTE FORCE EPS,NACH,NACHMAN INTERNATIONAL CO. LTD,AT-04127,127378,"REF# : 50-1032,50-1029; FRONT A-ARM REPAIR KITS: UPPER & LOWER",2005-11,,2005-11
KAWASAKI,KVF750 BRUTE FORCE / EPS,NACH,NACHMAN INTERNATIONAL CO. LTD,AT-04520,128727,"REF# : 50-1088,50-1089; FRONT A-ARM REPAIR KITS: UPPER & LOWER",2012-22,,2012-22
POLARIS,SPORTSMAN 570 SP ,NACH,NACHMAN INTERNATIONAL CO. LTD,AT-04353,128246,"REF# : 50-1094,50-1165; FRONT A-ARM REPAIR KITS: UPPER & LOWER",2015-20,,2015-20
POLARIS,SPORTSMAN TOURING 570,NACH,NACHMAN INTERNATIONAL CO. LTD,AT-04353,128246,"REF# : 50-1094,50-1165; FRONT A-ARM REPAIR KITS: UPPER & LOWER",2015-20,,2015-20
UTV,RZR 4 900,NACH,NACHMAN INTERNATIONAL CO. LTD,AT-04516,128260,"REF# : 50-1179,50-1176; FRONT A-ARM REPAIR KITS: UPPER & LOWER",2017-18,,2017-18
UTV,RZR 900 50 INCH,NACH,NACHMAN INTERNATIONAL CO. LTD,AT-04516,128260,"REF# : 50-1179,50-1176; FRONT A-ARM REPAIR KITS: UPPER & LOWER",2017,,2017
UTV,RZR 900 50 INCH / EPS,NACH,NACHMAN INTERNATIONAL CO. LTD,AT-04516,128260,"REF# : 50-1179,50-1176; FRONT A-ARM REPAIR KITS: UPPER & LOWER",2018-20,,2018-20
UTV,RZR 900 55 INCH,NACH,NACHMAN INTERNATIONAL CO. LTD,AT-04516,128260,"REF# : 50-1179,50-1176; FRONT A-ARM REPAIR KITS: UPPER & LOWER",2017,,2017
UTV,RZR 900 60 INCH,NACH,NACHMAN INTERNATIONAL CO. LTD,AT-04516,128260,"REF# : 50-1179,50-1176; FRONT A-ARM REPAIR KITS: UPPER & LOWER",2017-19,,2017-19
UTV,GENERAL 1000 4P MD/4P PS/EPS/PS MD,NACH,NACHMAN INTERNATIONAL CO. LTD,AT-04516,128260,"REF# : 50-1179,50-1176; FRONT A-ARM REPAIR KITS: UPPER & LOWER",2017-22,,2017-22
UTV,GENERAL 1000 EPS,NACH,NACHMAN INTERNATIONAL CO. LTD,AT-04516,128260,"REF# : 50-1180,50-1176; FRONT A-ARM REPAIR KITS: UPPER & LOWER",2016,,2016
UTV,RZR 1000 60 INCH,NACH,NACHMAN INTERNATIONAL CO. LTD,AT-04516,128260,"REF# : 50-1179,50-1176; FRONT A-ARM REPAIR KITS: UPPER & LOWER",2017-20,,2017-20
UTV,RZR XP 1000,NACH,NACHMAN INTERNATIONAL CO. LTD,AT-04516,128260,"REF# : 50-1179,50-1176; FRONT A-ARM REPAIR KITS: UPPER & LOWER",2017-20,,2017-20
UTV,RZR XP 4 1000 ,NACH,NACHMAN INTERNATIONAL CO. LTD,AT-04516,128260,"REF# : 50-1179,50-1176; FRONT A-ARM REPAIR KITS: UPPER & LOWER",2017-20,,2017-20
SUZUKI,LT-Z400,NACH,NACHMAN INTERNATIONAL CO. LTD,AT-04120-1,127371,"REF# : 50-1014,50-1028; FRONT A-ARM REPAIR KITS: UPPER & LOWER",2003-14,,2003-14
SUZUKI,LTA-450X,NACH,NACHMAN INTERNATIONAL CO. LTD,AT-04128,127379,"REF# : 50-1078,50-1039; FRONT A-ARM REPAIR KITS: UPPER & LOWER",2007-10,,2007-10
SUZUKI,LT-A500X KING QUAD,NACH,NACHMAN INTERNATIONAL CO. LTD,AT-04128,127379,"REF# : 50-1078,50-1039; FRONT A-ARM REPAIR KITS: UPPER & LOWER",2009-22,,2009-22
SUZUKI,LT-A700X KING QUAD,NACH,NACHMAN INTERNATIONAL CO. LTD,AT-04128,127379,"REF# : 50-1037,50-1039; FRONT A-ARM REPAIR KITS: UPPER & LOWER",2005-07 ,,2005-07 
SUZUKI,LTA-750 X KING QUAD,NACH,NACHMAN INTERNATIONAL CO. LTD,AT-04128,127379,"REF# : 50-1078,50-1039; FRONT A-ARM REPAIR KITS: UPPER & LOWER",2008-22,,2008-22
YAMAHA,YFM125 RAPTOR,NACH,NACHMAN INTERNATIONAL CO. LTD,AT-04131,127381,"REF# : 50-1005,50-1009; FRONT A-ARM REPAIR KITS: UPPER & LOWER",2011-13,,2011-13
YAMAHA,YFS200 BLASTER,NACH,NACHMAN INTERNATIONAL CO. LTD,AT-04131,127381,"REF# : 50-1006,50-1009; FRONT A-ARM REPAIR KITS: UPPER & LOWER",1988-06,,1988-06
YAMAHA,YFM250 RAPTOR,NACH,NACHMAN INTERNATIONAL CO. LTD,AT-04131,127381,"REF# : 50-1005,50-1009; FRONT A-ARM REPAIR KITS: UPPER & LOWER",2008-13,,2008-13
YAMAHA,YFZ350 BANSHEE,NACH,NACHMAN INTERNATIONAL CO. LTD,AT-04131,127381,"REF# : 50-1005,50-1009; FRONT A-ARM REPAIR KITS: UPPER & LOWER",1991-06,,1991-06
YAMAHA,YFZ450,NACH,NACHMAN INTERNATIONAL CO. LTD,AT-04131,127381,"REF# : 50-1005,50-1009; FRONT A-ARM REPAIR KITS: UPPER & LOWER",2004-13,,2004-13
YAMAHA,YFZ450X,NACH,NACHMAN INTERNATIONAL CO. LTD,AT-04131,127381,"REF# : 50-1005,50-1009; FRONT A-ARM REPAIR KITS: UPPER & LOWER",2010-11,,2010-11
YAMAHA,YFM660R RAPTOR,NACH,NACHMAN INTERNATIONAL CO. LTD,AT-04131,127381,"REF# : 50-1004,50-1009; FRONT A-ARM REPAIR KITS: UPPER & LOWER",2001-05,,2001-05
YAMAHA,YFM700R RAPTOR,NACH,NACHMAN INTERNATIONAL CO. LTD,AT-04131,127381,"REF# : 50-1005,50-1009; FRONT A-ARM REPAIR KITS: UPPER & LOWER",2006-23,,2006-23
